Name,Unit,protein,carb,fat,Unit Arabic,Name Arabic,Multiplying Factor,Food Type
Oats ,100 G,16.9,55.7,6.9,غرام,شوفان,100,carb
white rice,100 G,2.7,27.6,2.7,غرام,رز ابيض مسلوق,100,carb
toast bread - white,one slice,2.6,14.8,1,شريحة,خبز توست ابيض,1,carb
banana,Medium Banana,1.3,23.9,0.4,متوسطة الحجم,موز ة متوسطة الحجم,1,carb
sweet potato,100G,1.8,25.6,0,غرام,بطاطا حلوة,100,carb
honey teaspoon,Tra spoon,0,5.8,0,ملعقة شاي,عسل,1,carb
blueberries ,50 G,0.4,6,0.2,غرام,توت ازرق,50,carb
Vitargo,1 scoop,0,23,0,سكوب,فيتارجو,1,carb
apple ,medium,0.5,20.8,0.3,تفاحه متوسطه,تفاحه ,1,carb
almond,30G,6.3,2.7,15,جرام,جوز,30,carb
potato,100 g,2.7,14.7,0,غرام,بطاطا مسلوقة,100,carb
whole Egg boiled,1 Medium Egg,6.3,0.4,4.8,بيضة متوسطة,بيضة مسلوقة,1,protein
Chicken Breast,100 G,23.5,2.4,2.9,غرام,صدر دجاج,100,protein
egg white 1 large,100 G,3.6,0.2,0.1,غرام,بياض بيض,100,protein
full fat milk,1 scoop,3.4,4.8,3.5,مل,حليب كامل الدسم,1,protein
shrimp,100 g,24.7,0,0,غرام,شريمب,100,protein
salmon,100 G,18.9,0,0.9,غرام,سالمون,100,protein
steak,100 G,21,0,9,غرام,ستيك,100,protein
Grenade protein bar,1 bar,22,15,9,حبة,بروتين بار,1,protein
ground beef,100 G,17.9,15,0,غرام,لحمة مفرومه,100,protein
iso 100,one scoop,25,0,1,سكوب,ايزو 100,1,protein
tuna in olive,1 can,20,0,11,علبة,تونا بالزيت,1,protein
avocado,100 g,2,1.8,14.7,غرام,افوكادو,100,fat
Peanut butter,table spoon,3.6,2.8,8.2,ملعقة طعام,بينت بتر,1,fat
butter unsalted,tea spoon,0,0,3.8,ملعقة شاي,زبدة غير مملحه,1,fat
youghret,100 G,3,5,3,غرام,لبن,100,fat
olive oil,Tea spoon,0,0,4.5,ملعقة شاي,زيت زيتون,1,fat